county,year,age_group,estimate
Rockingham,2006,infant_Sfour,431
Rowan,2006,infant_Sfour,444
Rutherford,2006,infant_Sfour,431
Sampson,2006,infant_Sfour,431
Scotland,2006,infant_Sfour,431
Stanly,2006,infant_Sfour,444
Stokes,2006,infant_Sfour,444
Surry,2006,infant_Sfour,431
Swain,2006,infant_Sfour,444
Transylvania,2006,infant_Sfour,431
Tyrrell,2006,infant_Sfour,431
Union,2006,infant_Sfour,509
Vance,2006,infant_Sfour,444
Wake,2006,infant_Sfour,653
Warren,2006,infant_Sfour,431
Washington,2006,infant_Sfour,431
Watauga,2006,infant_Sfour,495
Wayne,2006,infant_Sfour,431
Wilkes,2006,infant_Sfour,444
Wilson,2006,infant_Sfour,431
Yadkin,2006,infant_Sfour,431
Yancey,2006,infant_Sfour,431
Rockingham,2006,infant_Sfour,431
Rowan,2006,infant_Sfour,444
Rutherford,2006,infant_Sfour,431
Sampson,2006,infant_Sfour,431
Scotland,2006,infant_Sfour,431
Stanly,2006,infant_Sfour,444
Stokes,2006,infant_Sfour,444
Surry,2006,infant_Sfour,431
Swain,2006,infant_Sfour,444
Transylvania,2006,infant_Sfour,431
Tyrrell,2006,infant_Sfour,431
Union,2006,infant_Sfour,509
Vance,2006,infant_Sfour,444
Wake,2006,infant_Sfour,653
Warren,2006,infant_Sfour,431
Washington,2006,infant_Sfour,431
Watauga,2006,infant_Sfour,495
Wayne,2006,infant_Sfour,431
Wilkes,2006,infant_Sfour,444
Wilson,2006,infant_Sfour,431
Yadkin,2006,infant_Sfour,431
Yancey,2006,infant_Sfour,431
Alamance,2007,infant_Sfour,449
Alexander,2007,infant_Sfour,449
Alleghany,2007,infant_Sfour,433
Anson,2007,infant_Sfour,433
Ashe,2007,infant_Sfour,433
Avery,2007,infant_Sfour,433
Beaufort,2007,infant_Sfour,449
Bertie,2007,infant_Sfour,434
Bladen,2007,infant_Sfour,449
Brunswick,2007,infant_Sfour,469
Buncombe,2007,infant_Sfour,469
Burke,2007,infant_Sfour,437
Cabarrus,2007,infant_Sfour,524
Caldwell,2007,infant_Sfour,449
Camden,2007,infant_Sfour,437
Carteret,2007,infant_Sfour,469
Caswell,2007,infant_Sfour,433
Catawba,2007,infant_Sfour,449
Chatham,2007,infant_Sfour,606
Cherokee,2007,infant_Sfour,437
Chowan,2007,infant_Sfour,437
Clay,2007,infant_Sfour,449
Cleveland,2007,infant_Sfour,433
Columbus,2007,infant_Sfour,433
Craven,2007,infant_Sfour,449
Cumberland,2007,infant_Sfour,424
Currituck,2007,infant_Sfour,456
Dare,2007,infant_Sfour,508
Davidson,2007,infant_Sfour,404
Davie,2007,infant_Sfour,449
Duplin,2007,infant_Sfour,433
Durham,2007,infant_Sfour,590
Edgecombe,2007,infant_Sfour,446
Forsyth,2007,infant_Sfour,519
Franklin,2007,infant_Sfour,433
Gaston,2007,infant_Sfour,449
Gates,2007,infant_Sfour,433
Graham,2007,infant_Sfour,433
Granville,2007,infant_Sfour,449
Greene,2007,infant_Sfour,446
Guilford,2007,infant_Sfour,504
Halifax,2007,infant_Sfour,433
Harnett,2007,infant_Sfour,449
Haywood,2007,infant_Sfour,437
Henderson,2007,infant_Sfour,449
Hertford,2007,infant_Sfour,433
Hoke,2007,infant_Sfour,433
Hyde,2007,infant_Sfour,446
Iredell,2007,infant_Sfour,469
Jackson,2007,infant_Sfour,446
Johnston,2007,infant_Sfour,436
Jones,2007,infant_Sfour,433
Lee,2007,infant_Sfour,449
Lenoir,2007,infant_Sfour,437
Lincoln,2007,infant_Sfour,449
Macon,2007,infant_Sfour,437
Madison,2007,infant_Sfour,488
Martin,2007,infant_Sfour,433
McDowell,2007,infant_Sfour,433
Mecklenburg,2007,infant_Sfour,539
Mitchell,2007,infant_Sfour,472
Montgomery,2007,infant_Sfour,464
Moore,2007,infant_Sfour,437
Nash,2007,infant_Sfour,449
New Hanover,2007,infant_Sfour,527
Northampton,2007,infant_Sfour,437
Onslow,2007,infant_Sfour,416
Orange,2007,infant_Sfour,652
Pamlico,2007,infant_Sfour,433
Pasquotank,2007,infant_Sfour,503
Pender,2007,infant_Sfour,449
Perquimans,2007,infant_Sfour,433
Person,2007,infant_Sfour,469
Pitt,2007,infant_Sfour,431
Polk,2007,infant_Sfour,446
Randolph,2007,infant_Sfour,433
Richmond,2007,infant_Sfour,433
Robeson,2007,infant_Sfour,433
Rockingham,2007,infant_Sfour,437
Rowan,2007,infant_Sfour,446
Rutherford,2007,infant_Sfour,433
Sampson,2007,infant_Sfour,433
Scotland,2007,infant_Sfour,433
Stanly,2007,infant_Sfour,449
Stokes,2007,infant_Sfour,449
Surry,2007,infant_Sfour,433
Swain,2007,infant_Sfour,449
Transylvania,2007,infant_Sfour,433
Tyrrell,2007,infant_Sfour,433
Union,2007,infant_Sfour,527
Vance,2007,infant_Sfour,449
Wake,2007,infant_Sfour,670
Warren,2007,infant_Sfour,437
Washington,2007,infant_Sfour,433
Watauga,2007,infant_Sfour,514
Wayne,2007,infant_Sfour,433
Wilkes,2007,infant_Sfour,446
Wilson,2007,infant_Sfour,437
Yadkin,2007,infant_Sfour,433
Yancey,2007,infant_Sfour,433
Alamance,2015,infant_Sfour,499
Alexander,2015,infant_Sfour,461
Alleghany,2015,infant_Sfour,433
Anson,2015,infant_Sfour,468
Ashe,2015,infant_Sfour,433
Avery,2015,infant_Sfour,453
Beaufort,2015,infant_Sfour,482
Bertie,2015,infant_Sfour,459
Bladen,2015,infant_Sfour,475
Brunswick,2015,infant_Sfour,497
Buncombe,2015,infant_Sfour,562
Burke,2015,infant_Sfour,454
Cabarrus,2015,infant_Sfour,575
Caldwell,2015,infant_Sfour,482
Camden,2015,infant_Sfour,437
Carteret,2015,infant_Sfour,480
Caswell,2015,infant_Sfour,457
Catawba,2015,infant_Sfour,479
Chatham,2015,infant_Sfour,614
Cherokee,2015,infant_Sfour,442
Chowan,2015,infant_Sfour,452
Clay,2015,infant_Sfour,462
Cleveland,2015,infant_Sfour,457
Columbus,2015,infant_Sfour,467
Craven,2015,infant_Sfour,490
Cumberland,2015,infant_Sfour,475
Currituck,2015,infant_Sfour,487
Dare,2015,infant_Sfour,571
Davidson,2015,infant_Sfour,453
Davie,2015,infant_Sfour,492
Duplin,2015,infant_Sfour,458
Durham,2015,infant_Sfour,645
Edgecombe,2015,infant_Sfour,491
Forsyth,2015,infant_Sfour,549
Franklin,2015,infant_Sfour,476
Gaston,2015,infant_Sfour,493
Gates,2015,infant_Sfour,453
Graham,2015,infant_Sfour,447
Granville,2015,infant_Sfour,493
Greene,2015,infant_Sfour,470
Guilford,2015,infant_Sfour,553
Halifax,2015,infant_Sfour,465
Harnett,2015,infant_Sfour,488
Haywood,2015,infant_Sfour,460
Henderson,2015,infant_Sfour,495
Hertford,2015,infant_Sfour,470
Hoke,2015,infant_Sfour,478
Hyde,2015,infant_Sfour,491
Iredell,2015,infant_Sfour,527
Jackson,2015,infant_Sfour,484
Johnston,2015,infant_Sfour,497
Jones,2015,infant_Sfour,479
Lee,2015,infant_Sfour,501
Lenoir,2015,infant_Sfour,465
Lincoln,2015,infant_Sfour,480
Macon,2015,infant_Sfour,458
Madison,2015,infant_Sfour,515
Martin,2015,infant_Sfour,456
McDowell,2015,infant_Sfour,474
Mecklenburg,2015,infant_Sfour,596
Mitchell,2015,infant_Sfour,476
Montgomery,2015,infant_Sfour,471
Moore,2015,infant_Sfour,471
Nash,2015,infant_Sfour,477
New Hanover,2015,infant_Sfour,578
Northampton,2015,infant_Sfour,455
Onslow,2015,infant_Sfour,464
Orange,2015,infant_Sfour,719
Pamlico,2015,infant_Sfour,453
Pasquotank,2015,infant_Sfour,513
Pender,2015,infant_Sfour,495
Perquimans,2015,infant_Sfour,438
Person,2015,infant_Sfour,514
Pitt,2015,infant_Sfour,488
Polk,2015,infant_Sfour,485
Randolph,2015,infant_Sfour,463
Richmond,2015,infant_Sfour,448
Robeson,2015,infant_Sfour,457
Rockingham,2015,infant_Sfour,460
Rowan,2015,infant_Sfour,496
Rutherford,2015,infant_Sfour,460
Sampson,2015,infant_Sfour,464
Scotland,2015,infant_Sfour,456
Stanly,2015,infant_Sfour,485
Stokes,2015,infant_Sfour,476
Surry,2015,infant_Sfour,468
Swain,2015,infant_Sfour,465
Transylvania,2015,infant_Sfour,447
Tyrrell,2015,infant_Sfour,433
Union,2015,infant_Sfour,585
Vance,2015,infant_Sfour,475
Wake,2015,infant_Sfour,725
Warren,2015,infant_Sfour,469
Washington,2015,infant_Sfour,464
Watauga,2015,infant_Sfour,554
Wayne,2015,infant_Sfour,472
Wilkes,2015,infant_Sfour,474
Wilson,2015,infant_Sfour,468
Yadkin,2015,infant_Sfour,497
Yancey,2015,infant_Sfour,433
Rockingham,2006,one_Sfour,426
Rowan,2006,one_Sfour,426
Rutherford,2006,one_Sfour,426
Sampson,2006,one_Sfour,426
Scotland,2006,one_Sfour,426
Stanly,2006,one_Sfour,426
Stokes,2006,one_Sfour,426
Surry,2006,one_Sfour,426
Swain,2006,one_Sfour,426
Transylvania,2006,one_Sfour,426
Tyrrell,2006,one_Sfour,426
Union,2006,one_Sfour,529
Vance,2006,one_Sfour,426
Wake,2006,one_Sfour,603
Warren,2006,one_Sfour,426
Washington,2006,one_Sfour,426
Watauga,2006,one_Sfour,489
Wayne,2006,one_Sfour,426
Wilkes,2006,one_Sfour,426
Wilson,2006,one_Sfour,426
Yadkin,2006,one_Sfour,426
Yancey,2006,one_Sfour,426
Rockingham,2006,one_Sfour,426
Rowan,2006,one_Sfour,426
Rutherford,2006,one_Sfour,426
Sampson,2006,one_Sfour,426
Scotland,2006,one_Sfour,426
Stanly,2006,one_Sfour,426
Stokes,2006,one_Sfour,426
Surry,2006,one_Sfour,426
Swain,2006,one_Sfour,426
Transylvania,2006,one_Sfour,426
Tyrrell,2006,one_Sfour,426
Union,2006,one_Sfour,529
Vance,2006,one_Sfour,426
Wake,2006,one_Sfour,603
Warren,2006,one_Sfour,426
Washington,2006,one_Sfour,426
Watauga,2006,one_Sfour,489
Wayne,2006,one_Sfour,426
Wilkes,2006,one_Sfour,426
Wilson,2006,one_Sfour,426
Yadkin,2006,one_Sfour,426
Yancey,2006,one_Sfour,426
Alamance,2007,one_Sfour,429
Alexander,2007,one_Sfour,429
Alleghany,2007,one_Sfour,426
Anson,2007,one_Sfour,426
Ashe,2007,one_Sfour,426
Avery,2007,one_Sfour,426
Beaufort,2007,one_Sfour,429
Bertie,2007,one_Sfour,427
Bladen,2007,one_Sfour,429
Brunswick,2007,one_Sfour,450
Buncombe,2007,one_Sfour,450
Burke,2007,one_Sfour,429
Cabarrus,2007,one_Sfour,519
Caldwell,2007,one_Sfour,429
Camden,2007,one_Sfour,429
Carteret,2007,one_Sfour,450
Caswell,2007,one_Sfour,426
Catawba,2007,one_Sfour,429
Chatham,2007,one_Sfour,573
Cherokee,2007,one_Sfour,429
Chowan,2007,one_Sfour,429
Clay,2007,one_Sfour,429
Cleveland,2007,one_Sfour,426
Columbus,2007,one_Sfour,426
Craven,2007,one_Sfour,429
Cumberland,2007,one_Sfour,407
Currituck,2007,one_Sfour,450
Dare,2007,one_Sfour,475
Davidson,2007,one_Sfour,410
Davie,2007,one_Sfour,429
Duplin,2007,one_Sfour,426
Durham,2007,one_Sfour,561
Edgecombe,2007,one_Sfour,426
Forsyth,2007,one_Sfour,460
Franklin,2007,one_Sfour,426
Gaston,2007,one_Sfour,429
Gates,2007,one_Sfour,426
Graham,2007,one_Sfour,426
Granville,2007,one_Sfour,429
Greene,2007,one_Sfour,426
Guilford,2007,one_Sfour,457
Halifax,2007,one_Sfour,426
Harnett,2007,one_Sfour,429
Haywood,2007,one_Sfour,429
Henderson,2007,one_Sfour,429
Hertford,2007,one_Sfour,426
Hoke,2007,one_Sfour,426
Hyde,2007,one_Sfour,426
Iredell,2007,one_Sfour,450
Jackson,2007,one_Sfour,426
Johnston,2007,one_Sfour,443
Jones,2007,one_Sfour,426
Lee,2007,one_Sfour,429
Lenoir,2007,one_Sfour,429
Lincoln,2007,one_Sfour,429
Macon,2007,one_Sfour,429
Madison,2007,one_Sfour,448
Martin,2007,one_Sfour,426
McDowell,2007,one_Sfour,426
Mecklenburg,2007,one_Sfour,520
Mitchell,2007,one_Sfour,461
Montgomery,2007,one_Sfour,461
Moore,2007,one_Sfour,429
Nash,2007,one_Sfour,429
New Hanover,2007,one_Sfour,507
Northampton,2007,one_Sfour,429
Onslow,2007,one_Sfour,417
Orange,2007,one_Sfour,630
Pamlico,2007,one_Sfour,426
Pasquotank,2007,one_Sfour,499
Pender,2007,one_Sfour,429
Perquimans,2007,one_Sfour,426
Person,2007,one_Sfour,450
Pitt,2007,one_Sfour,422
Polk,2007,one_Sfour,438
Randolph,2007,one_Sfour,426
Richmond,2007,one_Sfour,426
Robeson,2007,one_Sfour,426
Rockingham,2007,one_Sfour,429
Rowan,2007,one_Sfour,426
Rutherford,2007,one_Sfour,426
Sampson,2007,one_Sfour,426
Scotland,2007,one_Sfour,426
Stanly,2007,one_Sfour,429
Stokes,2007,one_Sfour,429
Surry,2007,one_Sfour,426
Swain,2007,one_Sfour,429
Transylvania,2007,one_Sfour,426
Tyrrell,2007,one_Sfour,426
Union,2007,one_Sfour,543
Vance,2007,one_Sfour,429
Wake,2007,one_Sfour,626
Warren,2007,one_Sfour,429
Washington,2007,one_Sfour,426
Watauga,2007,one_Sfour,507
Wayne,2007,one_Sfour,426
Wilkes,2007,one_Sfour,426
Wilson,2007,one_Sfour,429
Yadkin,2007,one_Sfour,426
Yancey,2007,one_Sfour,426
Alamance,2015,one_Sfour,483
Alexander,2015,one_Sfour,439
Alleghany,2015,one_Sfour,426
Anson,2015,one_Sfour,464
Ashe,2015,one_Sfour,426
Avery,2015,one_Sfour,443
Beaufort,2015,one_Sfour,464
Bertie,2015,one_Sfour,448
Bladen,2015,one_Sfour,457
Brunswick,2015,one_Sfour,480
Buncombe,2015,one_Sfour,551
Burke,2015,one_Sfour,449
Cabarrus,2015,one_Sfour,570
Caldwell,2015,one_Sfour,460
Camden,2015,one_Sfour,429
Carteret,2015,one_Sfour,474
Caswell,2015,one_Sfour,448
Catawba,2015,one_Sfour,463
Chatham,2015,one_Sfour,589
Cherokee,2015,one_Sfour,433
Chowan,2015,one_Sfour,443
Clay,2015,one_Sfour,445
Cleveland,2015,one_Sfour,453
Columbus,2015,one_Sfour,457
Craven,2015,one_Sfour,464
Cumberland,2015,one_Sfour,458
Currituck,2015,one_Sfour,479
Dare,2015,one_Sfour,548
Davidson,2015,one_Sfour,452
Davie,2015,one_Sfour,471
Duplin,2015,one_Sfour,449
Durham,2015,one_Sfour,641
Edgecombe,2015,one_Sfour,475
Forsyth,2015,one_Sfour,507
Franklin,2015,one_Sfour,470
Gaston,2015,one_Sfour,477
Gates,2015,one_Sfour,445
Graham,2015,one_Sfour,439
Granville,2015,one_Sfour,471
Greene,2015,one_Sfour,450
Guilford,2015,one_Sfour,506
Halifax,2015,one_Sfour,455
Harnett,2015,one_Sfour,471
Haywood,2015,one_Sfour,453
Henderson,2015,one_Sfour,474
Hertford,2015,one_Sfour,455
Hoke,2015,one_Sfour,479
Hyde,2015,one_Sfour,473
Iredell,2015,one_Sfour,511
Jackson,2015,one_Sfour,472
Johnston,2015,one_Sfour,501
Jones,2015,one_Sfour,471
Lee,2015,one_Sfour,489
Lenoir,2015,one_Sfour,456
Lincoln,2015,one_Sfour,465
Macon,2015,one_Sfour,450
Madison,2015,one_Sfour,481
Martin,2015,one_Sfour,453
McDowell,2015,one_Sfour,466
Mecklenburg,2015,one_Sfour,573
Mitchell,2015,one_Sfour,465
Montgomery,2015,one_Sfour,471
Moore,2015,one_Sfour,487
Nash,2015,one_Sfour,460
New Hanover,2015,one_Sfour,560
Northampton,2015,one_Sfour,442
Onslow,2015,one_Sfour,475
Orange,2015,one_Sfour,703
Pamlico,2015,one_Sfour,447
Pasquotank,2015,one_Sfour,514
Pender,2015,one_Sfour,476
Perquimans,2015,one_Sfour,430
Person,2015,one_Sfour,501
Pitt,2015,one_Sfour,476
Polk,2015,one_Sfour,476
Randolph,2015,one_Sfour,456
Richmond,2015,one_Sfour,435
Robeson,2015,one_Sfour,459
Rockingham,2015,one_Sfour,455
Rowan,2015,one_Sfour,471
Rutherford,2015,one_Sfour,453
Sampson,2015,one_Sfour,455
Scotland,2015,one_Sfour,445
Stanly,2015,one_Sfour,469
Stokes,2015,one_Sfour,460
Surry,2015,one_Sfour,457
Swain,2015,one_Sfour,442
Transylvania,2015,one_Sfour,434
Tyrrell,2015,one_Sfour,426
Union,2015,one_Sfour,588
Vance,2015,one_Sfour,449
Wake,2015,one_Sfour,685
Warren,2015,one_Sfour,458
Washington,2015,one_Sfour,457
Watauga,2015,one_Sfour,547
Wayne,2015,one_Sfour,466
Wilkes,2015,one_Sfour,454
Wilson,2015,one_Sfour,456
Yadkin,2015,one_Sfour,487
Yancey,2015,one_Sfour,426
Rockingham,2006,two_Sfour,405
Rowan,2006,two_Sfour,418
Rutherford,2006,two_Sfour,405
Sampson,2006,two_Sfour,405
Scotland,2006,two_Sfour,405
Stanly,2006,two_Sfour,418
Stokes,2006,two_Sfour,418
Surry,2006,two_Sfour,405
Swain,2006,two_Sfour,418
Transylvania,2006,two_Sfour,405
Tyrrell,2006,two_Sfour,405
Union,2006,two_Sfour,529
Vance,2006,two_Sfour,418
Wake,2006,two_Sfour,593
Warren,2006,two_Sfour,405
Washington,2006,two_Sfour,405
Watauga,2006,two_Sfour,418
Wayne,2006,two_Sfour,405
Wilkes,2006,two_Sfour,418
Wilson,2006,two_Sfour,405
Yadkin,2006,two_Sfour,405
Yancey,2006,two_Sfour,405
Rockingham,2006,two_Sfour,405
Rowan,2006,two_Sfour,418
Rutherford,2006,two_Sfour,405
Sampson,2006,two_Sfour,405
Scotland,2006,two_Sfour,405
Stanly,2006,two_Sfour,418
Stokes,2006,two_Sfour,418
Surry,2006,two_Sfour,405
Swain,2006,two_Sfour,418
Transylvania,2006,two_Sfour,405
Tyrrell,2006,two_Sfour,405
Union,2006,two_Sfour,529
Vance,2006,two_Sfour,418
Wake,2006,two_Sfour,593
Warren,2006,two_Sfour,405
Washington,2006,two_Sfour,405
Watauga,2006,two_Sfour,418
Wayne,2006,two_Sfour,405
Wilkes,2006,two_Sfour,418
Wilson,2006,two_Sfour,405
Yadkin,2006,two_Sfour,405
Yancey,2006,two_Sfour,405
Alamance,2007,two_Sfour,422
Alexander,2007,two_Sfour,422
Alleghany,2007,two_Sfour,408
Anson,2007,two_Sfour,408
Ashe,2007,two_Sfour,408
Avery,2007,two_Sfour,408
Beaufort,2007,two_Sfour,422
Bertie,2007,two_Sfour,408
Bladen,2007,two_Sfour,422
Brunswick,2007,two_Sfour,439
Buncombe,2007,two_Sfour,439
Burke,2007,two_Sfour,410
Cabarrus,2007,two_Sfour,439
Caldwell,2007,two_Sfour,422
Camden,2007,two_Sfour,410
Carteret,2007,two_Sfour,439
Caswell,2007,two_Sfour,408
Catawba,2007,two_Sfour,422
Chatham,2007,two_Sfour,466
Cherokee,2007,two_Sfour,410
Chowan,2007,two_Sfour,410
Clay,2007,two_Sfour,422
Cleveland,2007,two_Sfour,408
Columbus,2007,two_Sfour,408
Craven,2007,two_Sfour,422
Cumberland,2007,two_Sfour,406
Currituck,2007,two_Sfour,427
Dare,2007,two_Sfour,471
Davidson,2007,two_Sfour,410
Davie,2007,two_Sfour,422
Duplin,2007,two_Sfour,408
Durham,2007,two_Sfour,557
Edgecombe,2007,two_Sfour,420
Forsyth,2007,two_Sfour,449
Franklin,2007,two_Sfour,408
Gaston,2007,two_Sfour,422
Gates,2007,two_Sfour,408
Graham,2007,two_Sfour,408
Granville,2007,two_Sfour,422
Greene,2007,two_Sfour,420
Guilford,2007,two_Sfour,457
Halifax,2007,two_Sfour,408
Harnett,2007,two_Sfour,422
Haywood,2007,two_Sfour,410
Henderson,2007,two_Sfour,422
Hertford,2007,two_Sfour,408
Hoke,2007,two_Sfour,408
Hyde,2007,two_Sfour,420
Iredell,2007,two_Sfour,439
Jackson,2007,two_Sfour,420
Johnston,2007,two_Sfour,439
Jones,2007,two_Sfour,408
Lee,2007,two_Sfour,422
Lenoir,2007,two_Sfour,410
Lincoln,2007,two_Sfour,422
Macon,2007,two_Sfour,410
Madison,2007,two_Sfour,448
Martin,2007,two_Sfour,408
McDowell,2007,two_Sfour,408
Mecklenburg,2007,two_Sfour,518
Mitchell,2007,two_Sfour,420
Montgomery,2007,two_Sfour,410
Moore,2007,two_Sfour,410
Nash,2007,two_Sfour,422
New Hanover,2007,two_Sfour,503
Northampton,2007,two_Sfour,410
Onslow,2007,two_Sfour,417
Orange,2007,two_Sfour,593
Pamlico,2007,two_Sfour,408
Pasquotank,2007,two_Sfour,422
Pender,2007,two_Sfour,422
Perquimans,2007,two_Sfour,408
Person,2007,two_Sfour,439
Pitt,2007,two_Sfour,422
Polk,2007,two_Sfour,438
Randolph,2007,two_Sfour,408
Richmond,2007,two_Sfour,408
Robeson,2007,two_Sfour,408
Rockingham,2007,two_Sfour,410
Rowan,2007,two_Sfour,420
Rutherford,2007,two_Sfour,408
Sampson,2007,two_Sfour,408
Scotland,2007,two_Sfour,408
Stanly,2007,two_Sfour,422
Stokes,2007,two_Sfour,422
Surry,2007,two_Sfour,408
Swain,2007,two_Sfour,422
Transylvania,2007,two_Sfour,408
Tyrrell,2007,two_Sfour,408
Union,2007,two_Sfour,539
Vance,2007,two_Sfour,422
Wake,2007,two_Sfour,613
Warren,2007,two_Sfour,410
Washington,2007,two_Sfour,408
Watauga,2007,two_Sfour,439
Wayne,2007,two_Sfour,408
Wilkes,2007,two_Sfour,420
Wilson,2007,two_Sfour,410
Yadkin,2007,two_Sfour,408
Yancey,2007,two_Sfour,408
Alamance,2015,two_Sfour,469
Alexander,2015,two_Sfour,433
Alleghany,2015,two_Sfour,408
Anson,2015,two_Sfour,458
Ashe,2015,two_Sfour,408
Avery,2015,two_Sfour,429
Beaufort,2015,two_Sfour,453
Bertie,2015,two_Sfour,431
Bladen,2015,two_Sfour,448
Brunswick,2015,two_Sfour,467
Buncombe,2015,two_Sfour,534
Burke,2015,two_Sfour,426
Cabarrus,2015,two_Sfour,496
Caldwell,2015,two_Sfour,454
Camden,2015,two_Sfour,410
Carteret,2015,two_Sfour,469
Caswell,2015,two_Sfour,431
Catawba,2015,two_Sfour,455
Chatham,2015,two_Sfour,512
Cherokee,2015,two_Sfour,415
Chowan,2015,two_Sfour,425
Clay,2015,two_Sfour,436
Cleveland,2015,two_Sfour,430
Columbus,2015,two_Sfour,441
Craven,2015,two_Sfour,461
Cumberland,2015,two_Sfour,446
Currituck,2015,two_Sfour,461
Dare,2015,two_Sfour,549
Davidson,2015,two_Sfour,450
Davie,2015,two_Sfour,459
Duplin,2015,two_Sfour,431
Durham,2015,two_Sfour,617
Edgecombe,2015,two_Sfour,465
Forsyth,2015,two_Sfour,498
Franklin,2015,two_Sfour,451
Gaston,2015,two_Sfour,468
Gates,2015,two_Sfour,429
Graham,2015,two_Sfour,423
Granville,2015,two_Sfour,464
Greene,2015,two_Sfour,442
Guilford,2015,two_Sfour,506
Halifax,2015,two_Sfour,437
Harnett,2015,two_Sfour,460
Haywood,2015,two_Sfour,434
Henderson,2015,two_Sfour,469
Hertford,2015,two_Sfour,420
Hoke,2015,two_Sfour,451
Hyde,2015,two_Sfour,464
Iredell,2015,two_Sfour,508
Jackson,2015,two_Sfour,460
Johnston,2015,two_Sfour,490
Jones,2015,two_Sfour,453
Lee,2015,two_Sfour,472
Lenoir,2015,two_Sfour,426
Lincoln,2015,two_Sfour,452
Macon,2015,two_Sfour,439
Madison,2015,two_Sfour,477
Martin,2015,two_Sfour,430
McDowell,2015,two_Sfour,448
Mecklenburg,2015,two_Sfour,565
Mitchell,2015,two_Sfour,431
Montgomery,2015,two_Sfour,431
Moore,2015,two_Sfour,454
Nash,2015,two_Sfour,449
New Hanover,2015,two_Sfour,551
Northampton,2015,two_Sfour,425
Onslow,2015,two_Sfour,466
Orange,2015,two_Sfour,671
Pamlico,2015,two_Sfour,430
Pasquotank,2015,two_Sfour,452
Pender,2015,two_Sfour,466
Perquimans,2015,two_Sfour,414
Person,2015,two_Sfour,483
Pitt,2015,two_Sfour,468
Polk,2015,two_Sfour,472
Randolph,2015,two_Sfour,433
Richmond,2015,two_Sfour,420
Robeson,2015,two_Sfour,443
Rockingham,2015,two_Sfour,435
Rowan,2015,two_Sfour,467
Rutherford,2015,two_Sfour,434
Sampson,2015,two_Sfour,442
Scotland,2015,two_Sfour,437
Stanly,2015,two_Sfour,486
Stokes,2015,two_Sfour,453
Surry,2015,two_Sfour,444
Swain,2015,two_Sfour,432
Transylvania,2015,two_Sfour,416
Tyrrell,2015,two_Sfour,408
Union,2015,two_Sfour,578
Vance,2015,two_Sfour,448
Wake,2015,two_Sfour,663
Warren,2015,two_Sfour,438
Washington,2015,two_Sfour,438
Watauga,2015,two_Sfour,492
Wayne,2015,two_Sfour,444
Wilkes,2015,two_Sfour,446
Wilson,2015,two_Sfour,439
Yadkin,2015,two_Sfour,470
Yancey,2015,two_Sfour,408
Rockingham,2006,three_Sfour,379
Rowan,2006,three_Sfour,388
Rutherford,2006,three_Sfour,379
Sampson,2006,three_Sfour,379
Scotland,2006,three_Sfour,379
Stanly,2006,three_Sfour,389
Stokes,2006,three_Sfour,388
Surry,2006,three_Sfour,379
Swain,2006,three_Sfour,389
Transylvania,2006,three_Sfour,380
Tyrrell,2006,three_Sfour,379
Union,2006,three_Sfour,430
Vance,2006,three_Sfour,388
Wake,2006,three_Sfour,536
Warren,2006,three_Sfour,379
Washington,2006,three_Sfour,379
Watauga,2006,three_Sfour,389
Wayne,2006,three_Sfour,379
Wilkes,2006,three_Sfour,388
Wilson,2006,three_Sfour,380
Yadkin,2006,three_Sfour,380
Yancey,2006,three_Sfour,379
Rockingham,2006,three_Sfour,379
Rowan,2006,three_Sfour,388
Rutherford,2006,three_Sfour,379
Sampson,2006,three_Sfour,379
Scotland,2006,three_Sfour,379
Stanly,2006,three_Sfour,389
Stokes,2006,three_Sfour,388
Surry,2006,three_Sfour,379
Swain,2006,three_Sfour,389
Transylvania,2006,three_Sfour,380
Tyrrell,2006,three_Sfour,379
Union,2006,three_Sfour,430
Vance,2006,three_Sfour,388
Wake,2006,three_Sfour,536
Warren,2006,three_Sfour,379
Washington,2006,three_Sfour,379
Watauga,2006,three_Sfour,389
Wayne,2006,three_Sfour,379
Wilkes,2006,three_Sfour,388
Wilson,2006,three_Sfour,380
Yadkin,2006,three_Sfour,380
Yancey,2006,three_Sfour,379
Alamance,2007,three_Sfour,394
Alexander,2007,three_Sfour,394
Alleghany,2007,three_Sfour,382
Anson,2007,three_Sfour,382
Ashe,2007,three_Sfour,382
Avery,2007,three_Sfour,382
Beaufort,2007,three_Sfour,394
Bertie,2007,three_Sfour,427
Bladen,2007,three_Sfour,394
Brunswick,2007,three_Sfour,407
Buncombe,2007,three_Sfour,407
Burke,2007,three_Sfour,387
Cabarrus,2007,three_Sfour,443
Caldwell,2007,three_Sfour,394
Camden,2007,three_Sfour,386
Carteret,2007,three_Sfour,407
Caswell,2007,three_Sfour,382
Catawba,2007,three_Sfour,394
Chatham,2007,three_Sfour,435
Cherokee,2007,three_Sfour,386
Chowan,2007,three_Sfour,386
Clay,2007,three_Sfour,394
Cleveland,2007,three_Sfour,382
Columbus,2007,three_Sfour,382
Craven,2007,three_Sfour,394
Cumberland,2007,three_Sfour,381
Currituck,2007,three_Sfour,399
Dare,2007,three_Sfour,456
Davidson,2007,three_Sfour,387
Davie,2007,three_Sfour,394
Duplin,2007,three_Sfour,382
Durham,2007,three_Sfour,532
Edgecombe,2007,three_Sfour,390
Forsyth,2007,three_Sfour,440
Franklin,2007,three_Sfour,382
Gaston,2007,three_Sfour,394
Gates,2007,three_Sfour,382
Graham,2007,three_Sfour,382
Granville,2007,three_Sfour,394
Greene,2007,three_Sfour,389
Guilford,2007,three_Sfour,446
Halifax,2007,three_Sfour,382
Harnett,2007,three_Sfour,394
Haywood,2007,three_Sfour,387
Henderson,2007,three_Sfour,394
Hertford,2007,three_Sfour,382
Hoke,2007,three_Sfour,382
Hyde,2007,three_Sfour,390
Iredell,2007,three_Sfour,407
Jackson,2007,three_Sfour,390
Johnston,2007,three_Sfour,403
Jones,2007,three_Sfour,382
Lee,2007,three_Sfour,394
Lenoir,2007,three_Sfour,386
Lincoln,2007,three_Sfour,394
Macon,2007,three_Sfour,386
Madison,2007,three_Sfour,418
Martin,2007,three_Sfour,382
McDowell,2007,three_Sfour,382
Mecklenburg,2007,three_Sfour,492
Mitchell,2007,three_Sfour,389
Montgomery,2007,three_Sfour,386
Moore,2007,three_Sfour,384
Nash,2007,three_Sfour,412
New Hanover,2007,three_Sfour,470
Northampton,2007,three_Sfour,386
Onslow,2007,three_Sfour,381
Orange,2007,three_Sfour,579
Pamlico,2007,three_Sfour,382
Pasquotank,2007,three_Sfour,394
Pender,2007,three_Sfour,394
Perquimans,2007,three_Sfour,382
Person,2007,three_Sfour,407
Pitt,2007,three_Sfour,394
Polk,2007,three_Sfour,390
Randolph,2007,three_Sfour,382
Richmond,2007,three_Sfour,382
Robeson,2007,three_Sfour,382
Rockingham,2007,three_Sfour,386
Rowan,2007,three_Sfour,389
Rutherford,2007,three_Sfour,382
Sampson,2007,three_Sfour,382
Scotland,2007,three_Sfour,382
Stanly,2007,three_Sfour,394
Stokes,2007,three_Sfour,394
Surry,2007,three_Sfour,382
Swain,2007,three_Sfour,394
Transylvania,2007,three_Sfour,382
Tyrrell,2007,three_Sfour,382
Union,2007,three_Sfour,445
Vance,2007,three_Sfour,394
Wake,2007,three_Sfour,550
Warren,2007,three_Sfour,386
Washington,2007,three_Sfour,382
Watauga,2007,three_Sfour,407
Wayne,2007,three_Sfour,382
Wilkes,2007,three_Sfour,389
Wilson,2007,three_Sfour,387
Yadkin,2007,three_Sfour,382
Yancey,2007,three_Sfour,382
Alamance,2015,three_Sfour,440
Alexander,2015,three_Sfour,418
Alleghany,2015,three_Sfour,382
Anson,2015,three_Sfour,410
Ashe,2015,three_Sfour,385
Avery,2015,three_Sfour,404
Beaufort,2015,three_Sfour,426
Bertie,2015,three_Sfour,433
Bladen,2015,three_Sfour,418
Brunswick,2015,three_Sfour,425
Buncombe,2015,three_Sfour,497
Burke,2015,three_Sfour,400
Cabarrus,2015,three_Sfour,486
Caldwell,2015,three_Sfour,420
Camden,2015,three_Sfour,388
Carteret,2015,three_Sfour,441
Caswell,2015,three_Sfour,402
Catawba,2015,three_Sfour,425
Chatham,2015,three_Sfour,480
Cherokee,2015,three_Sfour,392
Chowan,2015,three_Sfour,398
Clay,2015,three_Sfour,406
Cleveland,2015,three_Sfour,404
Columbus,2015,three_Sfour,419
Craven,2015,three_Sfour,434
Cumberland,2015,three_Sfour,428
Currituck,2015,three_Sfour,435
Dare,2015,three_Sfour,534
Davidson,2015,three_Sfour,428
Davie,2015,three_Sfour,431
Duplin,2015,three_Sfour,399
Durham,2015,three_Sfour,586
Edgecombe,2015,three_Sfour,432
Forsyth,2015,three_Sfour,483
Franklin,2015,three_Sfour,415
Gaston,2015,three_Sfour,438
Gates,2015,three_Sfour,409
Graham,2015,three_Sfour,397
Granville,2015,three_Sfour,431
Greene,2015,three_Sfour,408
Guilford,2015,three_Sfour,496
Halifax,2015,three_Sfour,411
Harnett,2015,three_Sfour,445
Haywood,2015,three_Sfour,407
Henderson,2015,three_Sfour,441
Hertford,2015,three_Sfour,398
Hoke,2015,three_Sfour,424
Hyde,2015,three_Sfour,430
Iredell,2015,three_Sfour,477
Jackson,2015,three_Sfour,437
Johnston,2015,three_Sfour,461
Jones,2015,three_Sfour,423
Lee,2015,three_Sfour,432
Lenoir,2015,three_Sfour,410
Lincoln,2015,three_Sfour,429
Macon,2015,three_Sfour,406
Madison,2015,three_Sfour,450
Martin,2015,three_Sfour,404
McDowell,2015,three_Sfour,420
Mecklenburg,2015,three_Sfour,536
Mitchell,2015,three_Sfour,399
Montgomery,2015,three_Sfour,395
Moore,2015,three_Sfour,422
Nash,2015,three_Sfour,424
New Hanover,2015,three_Sfour,517
Northampton,2015,three_Sfour,398
Onslow,2015,three_Sfour,433
Orange,2015,three_Sfour,641
Pamlico,2015,three_Sfour,392
Pasquotank,2015,three_Sfour,419
Pender,2015,three_Sfour,432
Perquimans,2015,three_Sfour,386
Person,2015,three_Sfour,453
Pitt,2015,three_Sfour,443
Polk,2015,three_Sfour,425
Randolph,2015,three_Sfour,408
Richmond,2015,three_Sfour,397
Robeson,2015,three_Sfour,413
Rockingham,2015,three_Sfour,413
Rowan,2015,three_Sfour,438
Rutherford,2015,three_Sfour,411
Sampson,2015,three_Sfour,413
Scotland,2015,three_Sfour,395
Stanly,2015,three_Sfour,433
Stokes,2015,three_Sfour,425
Surry,2015,three_Sfour,413
Swain,2015,three_Sfour,404
Transylvania,2015,three_Sfour,389
Tyrrell,2015,three_Sfour,382
Union,2015,three_Sfour,509
Vance,2015,three_Sfour,414
Wake,2015,three_Sfour,612
Warren,2015,three_Sfour,407
Washington,2015,three_Sfour,410
Watauga,2015,three_Sfour,462
Wayne,2015,three_Sfour,417
Wilkes,2015,three_Sfour,408
Wilson,2015,three_Sfour,413
Yadkin,2015,three_Sfour,438
Yancey,2015,three_Sfour,382
Rockingham,2006,school_Sfour,381
Rowan,2006,school_Sfour,393
Rutherford,2006,school_Sfour,381
Sampson,2006,school_Sfour,381
Scotland,2006,school_Sfour,381
Stanly,2006,school_Sfour,393
Stokes,2006,school_Sfour,393
Surry,2006,school_Sfour,381
Swain,2006,school_Sfour,393
Transylvania,2006,school_Sfour,381
Tyrrell,2006,school_Sfour,381
Union,2006,school_Sfour,423
Vance,2006,school_Sfour,393
Wake,2006,school_Sfour,563
Warren,2006,school_Sfour,381
Washington,2006,school_Sfour,381
Watauga,2006,school_Sfour,393
Wayne,2006,school_Sfour,381
Wilkes,2006,school_Sfour,393
Wilson,2006,school_Sfour,381
Yadkin,2006,school_Sfour,381
Yancey,2006,school_Sfour,381
Rockingham,2006,school_Sfour,381
Rowan,2006,school_Sfour,393
Rutherford,2006,school_Sfour,381
Sampson,2006,school_Sfour,381
Scotland,2006,school_Sfour,381
Stanly,2006,school_Sfour,393
Stokes,2006,school_Sfour,393
Surry,2006,school_Sfour,381
Swain,2006,school_Sfour,393
Transylvania,2006,school_Sfour,381
Tyrrell,2006,school_Sfour,381
Union,2006,school_Sfour,423
Vance,2006,school_Sfour,393
Wake,2006,school_Sfour,563
Warren,2006,school_Sfour,381
Washington,2006,school_Sfour,381
Watauga,2006,school_Sfour,393
Wayne,2006,school_Sfour,381
Wilkes,2006,school_Sfour,393
Wilson,2006,school_Sfour,381
Yadkin,2006,school_Sfour,381
Yancey,2006,school_Sfour,381
Alamance,2007,school_Sfour,397
Alexander,2007,school_Sfour,397
Alleghany,2007,school_Sfour,383
Anson,2007,school_Sfour,383
Ashe,2007,school_Sfour,383
Avery,2007,school_Sfour,383
Beaufort,2007,school_Sfour,396
Bertie,2007,school_Sfour,427
Bladen,2007,school_Sfour,396
Brunswick,2007,school_Sfour,408
Buncombe,2007,school_Sfour,408
Burke,2007,school_Sfour,386
Cabarrus,2007,school_Sfour,443
Caldwell,2007,school_Sfour,397
Camden,2007,school_Sfour,385
Carteret,2007,school_Sfour,407
Caswell,2007,school_Sfour,383
Catawba,2007,school_Sfour,397
Chatham,2007,school_Sfour,424
Cherokee,2007,school_Sfour,385
Chowan,2007,school_Sfour,385
Clay,2007,school_Sfour,396
Cleveland,2007,school_Sfour,383
Columbus,2007,school_Sfour,383
Craven,2007,school_Sfour,396
Cumberland,2007,school_Sfour,384
Currituck,2007,school_Sfour,396
Dare,2007,school_Sfour,446
Davidson,2007,school_Sfour,386
Davie,2007,school_Sfour,396
Duplin,2007,school_Sfour,383
Durham,2007,school_Sfour,518
Edgecombe,2007,school_Sfour,395
Forsyth,2007,school_Sfour,434
Franklin,2007,school_Sfour,383
Gaston,2007,school_Sfour,397
Gates,2007,school_Sfour,383
Graham,2007,school_Sfour,383
Granville,2007,school_Sfour,396
Greene,2007,school_Sfour,393
Guilford,2007,school_Sfour,433
Halifax,2007,school_Sfour,383
Harnett,2007,school_Sfour,398
Haywood,2007,school_Sfour,386
Henderson,2007,school_Sfour,396
Hertford,2007,school_Sfour,383
Hoke,2007,school_Sfour,383
Hyde,2007,school_Sfour,394
Iredell,2007,school_Sfour,407
Jackson,2007,school_Sfour,394
Johnston,2007,school_Sfour,405
Jones,2007,school_Sfour,383
Lee,2007,school_Sfour,396
Lenoir,2007,school_Sfour,385
Lincoln,2007,school_Sfour,396
Macon,2007,school_Sfour,385
Madison,2007,school_Sfour,411
Martin,2007,school_Sfour,383
McDowell,2007,school_Sfour,383
Mecklenburg,2007,school_Sfour,494
Mitchell,2007,school_Sfour,393
Montgomery,2007,school_Sfour,385
Moore,2007,school_Sfour,381
Nash,2007,school_Sfour,414
New Hanover,2007,school_Sfour,459
Northampton,2007,school_Sfour,385
Onslow,2007,school_Sfour,379
Orange,2007,school_Sfour,577
Pamlico,2007,school_Sfour,383
Pasquotank,2007,school_Sfour,396
Pender,2007,school_Sfour,396
Perquimans,2007,school_Sfour,383
Person,2007,school_Sfour,407
Pitt,2007,school_Sfour,397
Polk,2007,school_Sfour,394
Randolph,2007,school_Sfour,383
Richmond,2007,school_Sfour,383
Robeson,2007,school_Sfour,383
Rockingham,2007,school_Sfour,385
Rowan,2007,school_Sfour,393
Rutherford,2007,school_Sfour,383
Sampson,2007,school_Sfour,383
Scotland,2007,school_Sfour,383
Stanly,2007,school_Sfour,397
Stokes,2007,school_Sfour,396
Surry,2007,school_Sfour,383
Swain,2007,school_Sfour,397
Transylvania,2007,school_Sfour,383
Tyrrell,2007,school_Sfour,383
Union,2007,school_Sfour,434
Vance,2007,school_Sfour,396
Wake,2007,school_Sfour,563
Warren,2007,school_Sfour,385
Washington,2007,school_Sfour,383
Watauga,2007,school_Sfour,408
Wayne,2007,school_Sfour,383
Wilkes,2007,school_Sfour,393
Wilson,2007,school_Sfour,386
Yadkin,2007,school_Sfour,383
Yancey,2007,school_Sfour,383
Alamance,2015,school_Sfour,441
Alexander,2015,school_Sfour,412
Alleghany,2015,school_Sfour,383
Anson,2015,school_Sfour,402
Ashe,2015,school_Sfour,383
Avery,2015,school_Sfour,388
Beaufort,2015,school_Sfour,396
Bertie,2015,school_Sfour,443
Bladen,2015,school_Sfour,414
Brunswick,2015,school_Sfour,423
Buncombe,2015,school_Sfour,499
Burke,2015,school_Sfour,390
Cabarrus,2015,school_Sfour,475
Caldwell,2015,school_Sfour,403
Camden,2015,school_Sfour,385
Carteret,2015,school_Sfour,427
Caswell,2015,school_Sfour,396
Catawba,2015,school_Sfour,409
Chatham,2015,school_Sfour,462
Cherokee,2015,school_Sfour,385
Chowan,2015,school_Sfour,388
Clay,2015,school_Sfour,397
Cleveland,2015,school_Sfour,393
Columbus,2015,school_Sfour,405
Craven,2015,school_Sfour,421
Cumberland,2015,school_Sfour,414
Currituck,2015,school_Sfour,435
Dare,2015,school_Sfour,492
Davidson,2015,school_Sfour,416
Davie,2015,school_Sfour,409
Duplin,2015,school_Sfour,386
Durham,2015,school_Sfour,562
Edgecombe,2015,school_Sfour,420
Forsyth,2015,school_Sfour,468
Franklin,2015,school_Sfour,408
Gaston,2015,school_Sfour,431
Gates,2015,school_Sfour,407
Graham,2015,school_Sfour,383
Granville,2015,school_Sfour,432
Greene,2015,school_Sfour,404
Guilford,2015,school_Sfour,474
Halifax,2015,school_Sfour,397
Harnett,2015,school_Sfour,424
Haywood,2015,school_Sfour,395
Henderson,2015,school_Sfour,410
Hertford,2015,school_Sfour,383
Hoke,2015,school_Sfour,410
Hyde,2015,school_Sfour,421
Iredell,2015,school_Sfour,442
Jackson,2015,school_Sfour,441
Johnston,2015,school_Sfour,454
Jones,2015,school_Sfour,411
Lee,2015,school_Sfour,440
Lenoir,2015,school_Sfour,405
Lincoln,2015,school_Sfour,420
Macon,2015,school_Sfour,394
Madison,2015,school_Sfour,439
Martin,2015,school_Sfour,389
McDowell,2015,school_Sfour,407
Mecklenburg,2015,school_Sfour,525
Mitchell,2015,school_Sfour,393
Montgomery,2015,school_Sfour,402
Moore,2015,school_Sfour,406
Nash,2015,school_Sfour,426
New Hanover,2015,school_Sfour,471
Northampton,2015,school_Sfour,385
Onslow,2015,school_Sfour,425
Orange,2015,school_Sfour,633
Pamlico,2015,school_Sfour,391
Pasquotank,2015,school_Sfour,396
Pender,2015,school_Sfour,463
Perquimans,2015,school_Sfour,383
Person,2015,school_Sfour,416
Pitt,2015,school_Sfour,444
Polk,2015,school_Sfour,416
Randolph,2015,school_Sfour,404
Richmond,2015,school_Sfour,388
Robeson,2015,school_Sfour,389
Rockingham,2015,school_Sfour,396
Rowan,2015,school_Sfour,413
Rutherford,2015,school_Sfour,404
Sampson,2015,school_Sfour,404
Scotland,2015,school_Sfour,384
Stanly,2015,school_Sfour,430
Stokes,2015,school_Sfour,409
Surry,2015,school_Sfour,420
Swain,2015,school_Sfour,401
Transylvania,2015,school_Sfour,383
Tyrrell,2015,school_Sfour,383
Union,2015,school_Sfour,477
Vance,2015,school_Sfour,396
Wake,2015,school_Sfour,602
Warren,2015,school_Sfour,390
Washington,2015,school_Sfour,402
Watauga,2015,school_Sfour,421
Wayne,2015,school_Sfour,401
Wilkes,2015,school_Sfour,403
Wilson,2015,school_Sfour,402
Yadkin,2015,school_Sfour,424
Yancey,2015,school_Sfour,383
Alamance,2016,infant_Sfour,684
Alamance,2016,one_Sfour,682
Alamance,2016,two_Sfour,663
Alamance,2016,three_Sfour,634
Alexander,2016,infant_Sfour,478
Alexander,2016,one_Sfour,471
Alexander,2016,two_Sfour,467
Alexander,2016,three_Sfour,462
Alleghany,2016,infant_Sfour,433
Alleghany,2016,one_Sfour,426
Alleghany,2016,two_Sfour,408
Alleghany,2016,three_Sfour,382
Anson,2016,infant_Sfour,593
Anson,2016,one_Sfour,561
Anson,2016,two_Sfour,562
Anson,2016,three_Sfour,505
Ashe,2016,infant_Sfour,443
Ashe,2016,one_Sfour,430
Ashe,2016,two_Sfour,425
Ashe,2016,three_Sfour,414
Avery,2016,infant_Sfour,553
Avery,2016,one_Sfour,546
Avery,2016,two_Sfour,511
Avery,2016,three_Sfour,485
Beaufort,2016,infant_Sfour,614
Beaufort,2016,one_Sfour,600
Beaufort,2016,two_Sfour,565
Beaufort,2016,three_Sfour,551
Bertie,2016,infant_Sfour,509
Bertie,2016,one_Sfour,501
Bertie,2016,two_Sfour,450
Bertie,2016,three_Sfour,433
Bladen,2016,infant_Sfour,515
Bladen,2016,one_Sfour,569
Bladen,2016,two_Sfour,467
Bladen,2016,three_Sfour,457
Brunswick,2016,infant_Sfour,497
Brunswick,2016,one_Sfour,480
Brunswick,2016,two_Sfour,467
Brunswick,2016,three_Sfour,425
Buncombe,2016,infant_Sfour,562
Buncombe,2016,one_Sfour,551
Buncombe,2016,two_Sfour,534
Buncombe,2016,three_Sfour,497
Burke,2016,infant_Sfour,555
Burke,2016,one_Sfour,532
Burke,2016,two_Sfour,461
Burke,2016,three_Sfour,423
Cabarrus,2016,infant_Sfour,575
Cabarrus,2016,one_Sfour,570
Cabarrus,2016,two_Sfour,496
Cabarrus,2016,three_Sfour,486
Caldwell,2016,infant_Sfour,573
Caldwell,2016,one_Sfour,551
Caldwell,2016,two_Sfour,540
Caldwell,2016,three_Sfour,496
Camden,2016,infant_Sfour,633
Camden,2016,one_Sfour,609
Camden,2016,two_Sfour,582
Camden,2016,three_Sfour,552
Carteret,2016,infant_Sfour,480
Carteret,2016,one_Sfour,474
Carteret,2016,two_Sfour,469
Carteret,2016,three_Sfour,441
Caswell,2016,infant_Sfour,565
Caswell,2016,one_Sfour,552
Caswell,2016,two_Sfour,522
Caswell,2016,three_Sfour,495
Catawba,2016,infant_Sfour,615
Catawba,2016,one_Sfour,645
Catawba,2016,two_Sfour,524
Catawba,2016,three_Sfour,486
Chatham,2016,infant_Sfour,614
Chatham,2016,one_Sfour,589
Chatham,2016,two_Sfour,512
Chatham,2016,three_Sfour,480
Cherokee,2016,infant_Sfour,503
Cherokee,2016,one_Sfour,488
Cherokee,2016,two_Sfour,465
Cherokee,2016,three_Sfour,444
Chowan,2016,infant_Sfour,481
Chowan,2016,one_Sfour,467
Chowan,2016,two_Sfour,443
Chowan,2016,three_Sfour,423
Clay,2016,infant_Sfour,468
Clay,2016,one_Sfour,454
Clay,2016,two_Sfour,436
Clay,2016,three_Sfour,411
Cleveland,2016,infant_Sfour,565
Cleveland,2016,one_Sfour,541
Cleveland,2016,two_Sfour,532
Cleveland,2016,three_Sfour,483
Columbus,2016,infant_Sfour,544
Columbus,2016,one_Sfour,517
Columbus,2016,two_Sfour,482
Columbus,2016,three_Sfour,516
Craven,2016,infant_Sfour,656
Craven,2016,one_Sfour,641
Craven,2016,two_Sfour,598
Craven,2016,three_Sfour,577
Cumberland,2016,infant_Sfour,664
Cumberland,2016,one_Sfour,618
Cumberland,2016,two_Sfour,601
Cumberland,2016,three_Sfour,566
Currituck,2016,infant_Sfour,548
Currituck,2016,one_Sfour,539
Currituck,2016,two_Sfour,483
Currituck,2016,three_Sfour,558
Dare,2016,infant_Sfour,741
Dare,2016,one_Sfour,710
Dare,2016,two_Sfour,674
Dare,2016,three_Sfour,673
Davidson,2016,infant_Sfour,608
Davidson,2016,one_Sfour,614
Davidson,2016,two_Sfour,551
Davidson,2016,three_Sfour,526
Davie,2016,infant_Sfour,660
Davie,2016,one_Sfour,641
Davie,2016,two_Sfour,610
Davie,2016,three_Sfour,582
Duplin,2016,infant_Sfour,552
Duplin,2016,one_Sfour,525
Duplin,2016,two_Sfour,486
Duplin,2016,three_Sfour,466
Durham,2016,infant_Sfour,645
Durham,2016,one_Sfour,641
Durham,2016,two_Sfour,617
Durham,2016,three_Sfour,586
Edgecombe,2016,infant_Sfour,607
Edgecombe,2016,one_Sfour,581
Edgecombe,2016,two_Sfour,546
Edgecombe,2016,three_Sfour,533
Forsyth,2016,infant_Sfour,549
Forsyth,2016,one_Sfour,507
Forsyth,2016,two_Sfour,498
Forsyth,2016,three_Sfour,483
Franklin,2016,infant_Sfour,604
Franklin,2016,one_Sfour,584
Franklin,2016,two_Sfour,553
Franklin,2016,three_Sfour,528
Gaston,2016,infant_Sfour,609
Gaston,2016,one_Sfour,601
Gaston,2016,two_Sfour,575
Gaston,2016,three_Sfour,564
Gates,2016,infant_Sfour,557
Gates,2016,one_Sfour,536
Gates,2016,two_Sfour,511
Gates,2016,three_Sfour,494
Graham,2016,infant_Sfour,526
Graham,2016,one_Sfour,511
Graham,2016,two_Sfour,499
Graham,2016,three_Sfour,489
Granville,2016,infant_Sfour,649
Granville,2016,one_Sfour,644
Granville,2016,two_Sfour,589
Granville,2016,three_Sfour,564
Greene,2016,infant_Sfour,547
Greene,2016,one_Sfour,490
Greene,2016,two_Sfour,513
Greene,2016,three_Sfour,498
Guilford,2016,infant_Sfour,725
Guilford,2016,one_Sfour,656
Guilford,2016,two_Sfour,604
Guilford,2016,three_Sfour,619
Halifax,2016,infant_Sfour,563
Halifax,2016,one_Sfour,543
Halifax,2016,two_Sfour,499
Halifax,2016,three_Sfour,495
Harnett,2016,infant_Sfour,812
Harnett,2016,one_Sfour,732
Harnett,2016,two_Sfour,691
Harnett,2016,three_Sfour,611
Haywood,2016,infant_Sfour,460
Haywood,2016,one_Sfour,453
Haywood,2016,two_Sfour,434
Haywood,2016,three_Sfour,407
Henderson,2016,infant_Sfour,495
Henderson,2016,one_Sfour,474
Henderson,2016,two_Sfour,469
Henderson,2016,three_Sfour,441
Hertford,2016,infant_Sfour,496
Hertford,2016,one_Sfour,472
Hertford,2016,two_Sfour,433
Hertford,2016,three_Sfour,421
Hoke,2016,infant_Sfour,660
Hoke,2016,one_Sfour,635
Hoke,2016,two_Sfour,637
Hoke,2016,three_Sfour,604
Hyde,2016,infant_Sfour,747
Hyde,2016,one_Sfour,725
Hyde,2016,two_Sfour,690
Hyde,2016,three_Sfour,655
Iredell,2016,infant_Sfour,527
Iredell,2016,one_Sfour,511
Iredell,2016,two_Sfour,508
Iredell,2016,three_Sfour,477
Jackson,2016,infant_Sfour,520
Jackson,2016,one_Sfour,559
Jackson,2016,two_Sfour,506
Jackson,2016,three_Sfour,553
Johnston,2016,infant_Sfour,497
Johnston,2016,one_Sfour,501
Johnston,2016,two_Sfour,490
Johnston,2016,three_Sfour,461
Jones,2016,infant_Sfour,533
Jones,2016,one_Sfour,517
Jones,2016,two_Sfour,492
Jones,2016,three_Sfour,467
Lee,2016,infant_Sfour,591
Lee,2016,one_Sfour,567
Lee,2016,two_Sfour,531
Lee,2016,three_Sfour,518
Lenoir,2016,infant_Sfour,578
Lenoir,2016,one_Sfour,569
Lenoir,2016,two_Sfour,521
Lenoir,2016,three_Sfour,449
Lincoln,2016,infant_Sfour,480
Lincoln,2016,one_Sfour,465
Lincoln,2016,two_Sfour,452
Lincoln,2016,three_Sfour,429
Macon,2016,infant_Sfour,520
Macon,2016,one_Sfour,508
Macon,2016,two_Sfour,460
Macon,2016,three_Sfour,436
Madison,2016,infant_Sfour,524
Madison,2016,one_Sfour,509
Madison,2016,two_Sfour,484
Madison,2016,three_Sfour,460
Martin,2016,infant_Sfour,508
Martin,2016,one_Sfour,496
Martin,2016,two_Sfour,492
Martin,2016,three_Sfour,483
McDowell,2016,infant_Sfour,512
McDowell,2016,one_Sfour,510
McDowell,2016,two_Sfour,448
McDowell,2016,three_Sfour,494
Mecklenburg,2016,infant_Sfour,596
Mecklenburg,2016,one_Sfour,573
Mecklenburg,2016,two_Sfour,565
Mecklenburg,2016,three_Sfour,536
Mitchell,2016,infant_Sfour,478
Mitchell,2016,one_Sfour,465
Mitchell,2016,two_Sfour,442
Mitchell,2016,three_Sfour,424
Montgomery,2016,infant_Sfour,511
Montgomery,2016,one_Sfour,512
Montgomery,2016,two_Sfour,433
Montgomery,2016,three_Sfour,541
Moore,2016,infant_Sfour,471
Moore,2016,one_Sfour,487
Moore,2016,two_Sfour,454
Moore,2016,three_Sfour,422
Nash,2016,infant_Sfour,659
Nash,2016,one_Sfour,656
Nash,2016,two_Sfour,614
Nash,2016,three_Sfour,578
New Hanover,2016,infant_Sfour,578
New Hanover,2016,one_Sfour,560
New Hanover,2016,two_Sfour,551
New Hanover,2016,three_Sfour,517
Northampton,2016,infant_Sfour,632
Northampton,2016,one_Sfour,613
Northampton,2016,two_Sfour,583
Northampton,2016,three_Sfour,551
Onslow,2016,infant_Sfour,665
Onslow,2016,one_Sfour,640
Onslow,2016,two_Sfour,627
Onslow,2016,three_Sfour,571
Orange,2016,infant_Sfour,719
Orange,2016,one_Sfour,703
Orange,2016,two_Sfour,671
Orange,2016,three_Sfour,641
Pamlico,2016,infant_Sfour,511
Pamlico,2016,one_Sfour,493
Pamlico,2016,two_Sfour,566
Pamlico,2016,three_Sfour,451
Pasquotank,2016,infant_Sfour,577
Pasquotank,2016,one_Sfour,577
Pasquotank,2016,two_Sfour,490
Pasquotank,2016,three_Sfour,498
Pender,2016,infant_Sfour,495
Pender,2016,one_Sfour,476
Pender,2016,two_Sfour,466
Pender,2016,three_Sfour,432
Perquimans,2016,infant_Sfour,471
Perquimans,2016,one_Sfour,459
Perquimans,2016,two_Sfour,436
Perquimans,2016,three_Sfour,417
Person,2016,infant_Sfour,707
Person,2016,one_Sfour,697
Person,2016,two_Sfour,631
Person,2016,three_Sfour,633
Pitt,2016,infant_Sfour,687
Pitt,2016,one_Sfour,663
Pitt,2016,two_Sfour,601
Pitt,2016,three_Sfour,611
Polk,2016,infant_Sfour,602
Polk,2016,one_Sfour,584
Polk,2016,two_Sfour,556
Polk,2016,three_Sfour,528
Randolph,2016,infant_Sfour,564
Randolph,2016,one_Sfour,537
Randolph,2016,two_Sfour,498
Randolph,2016,three_Sfour,495
Richmond,2016,infant_Sfour,490
Richmond,2016,one_Sfour,470
Richmond,2016,two_Sfour,438
Richmond,2016,three_Sfour,430
Robeson,2016,infant_Sfour,633
Robeson,2016,one_Sfour,612
Robeson,2016,two_Sfour,577
Robeson,2016,three_Sfour,562
Rockingham,2016,infant_Sfour,515
Rockingham,2016,one_Sfour,504
Rockingham,2016,two_Sfour,506
Rockingham,2016,three_Sfour,483
Rowan,2016,infant_Sfour,628
Rowan,2016,one_Sfour,606
Rowan,2016,two_Sfour,582
Rowan,2016,three_Sfour,578
Rutherford,2016,infant_Sfour,492
Rutherford,2016,one_Sfour,487
Rutherford,2016,two_Sfour,459
Rutherford,2016,three_Sfour,452
Sampson,2016,infant_Sfour,618
Sampson,2016,one_Sfour,558
Sampson,2016,two_Sfour,583
Sampson,2016,three_Sfour,516
Scotland,2016,infant_Sfour,594
Scotland,2016,one_Sfour,576
Scotland,2016,two_Sfour,541
Scotland,2016,three_Sfour,529
Stanly,2016,infant_Sfour,589
Stanly,2016,one_Sfour,593
Stanly,2016,two_Sfour,572
Stanly,2016,three_Sfour,575
Stokes,2016,infant_Sfour,616
Stokes,2016,one_Sfour,598
Stokes,2016,two_Sfour,567
Stokes,2016,three_Sfour,547
Surry,2016,infant_Sfour,565
Surry,2016,one_Sfour,550
Surry,2016,two_Sfour,531
Surry,2016,three_Sfour,529
Swain,2016,infant_Sfour,476
Swain,2016,one_Sfour,471
Swain,2016,two_Sfour,432
Swain,2016,three_Sfour,404
Transylvania,2016,infant_Sfour,587
Transylvania,2016,one_Sfour,569
Transylvania,2016,two_Sfour,540
Transylvania,2016,three_Sfour,520
Tyrrell,2016,infant_Sfour,433
Tyrrell,2016,one_Sfour,426
Tyrrell,2016,two_Sfour,408
Tyrrell,2016,three_Sfour,382
Union,2016,infant_Sfour,585
Union,2016,one_Sfour,588
Union,2016,two_Sfour,578
Union,2016,three_Sfour,509
Vance,2016,infant_Sfour,599
Vance,2016,one_Sfour,567
Vance,2016,two_Sfour,510
Vance,2016,three_Sfour,508
Wake,2016,infant_Sfour,725
Wake,2016,one_Sfour,685
Wake,2016,two_Sfour,663
Wake,2016,three_Sfour,612
Warren,2016,infant_Sfour,496
Warren,2016,one_Sfour,489
Warren,2016,two_Sfour,456
Warren,2016,three_Sfour,432
Washington,2016,infant_Sfour,555
Washington,2016,one_Sfour,540
Washington,2016,two_Sfour,523
Washington,2016,three_Sfour,497
Watauga,2016,infant_Sfour,554
Watauga,2016,one_Sfour,547
Watauga,2016,two_Sfour,492
Watauga,2016,three_Sfour,462
Wayne,2016,infant_Sfour,575
Wayne,2016,one_Sfour,552
Wayne,2016,two_Sfour,496
Wayne,2016,three_Sfour,457
Wilkes,2016,infant_Sfour,602
Wilkes,2016,one_Sfour,591
Wilkes,2016,two_Sfour,551
Wilkes,2016,three_Sfour,479
Wilson,2016,infant_Sfour,549
Wilson,2016,one_Sfour,532
Wilson,2016,two_Sfour,506
Wilson,2016,three_Sfour,484
Yadkin,2016,infant_Sfour,497
Yadkin,2016,one_Sfour,549
Yadkin,2016,two_Sfour,470
Yadkin,2016,three_Sfour,472
Yancey,2016,infant_Sfour,453
Yancey,2016,one_Sfour,439
Yancey,2016,two_Sfour,429
Yancey,2016,three_Sfour,397
Alamance,2018,infant_Sfour,730
Alamance,2018,one_Sfour,704
Alamance,2018,two_Sfour,685
Alamance,2018,three_Sfour,639
Alexander,2018,infant_Sfour,482
Alexander,2018,one_Sfour,472
Alexander,2018,two_Sfour,469
Alexander,2018,three_Sfour,501
Alleghany,2018,infant_Sfour,433
Alleghany,2018,one_Sfour,426
Alleghany,2018,two_Sfour,408
Alleghany,2018,three_Sfour,382
Anson,2018,infant_Sfour,675
Anson,2018,one_Sfour,643
Anson,2018,two_Sfour,614
Anson,2018,three_Sfour,590
Ashe,2018,infant_Sfour,449
Ashe,2018,one_Sfour,436
Ashe,2018,two_Sfour,427
Ashe,2018,three_Sfour,416
Avery,2018,infant_Sfour,584
Avery,2018,one_Sfour,577
Avery,2018,two_Sfour,552
Avery,2018,three_Sfour,524
Beaufort,2018,infant_Sfour,626
Beaufort,2018,one_Sfour,611
Beaufort,2018,two_Sfour,577
Beaufort,2018,three_Sfour,561
Bertie,2018,infant_Sfour,565
Bertie,2018,one_Sfour,563
Bertie,2018,two_Sfour,462
Bertie,2018,three_Sfour,443
Bladen,2018,infant_Sfour,520
Bladen,2018,one_Sfour,571
Bladen,2018,two_Sfour,471
Bladen,2018,three_Sfour,462
Brunswick,2018,infant_Sfour,594
Brunswick,2018,one_Sfour,648
Brunswick,2018,two_Sfour,593
Brunswick,2018,three_Sfour,569
Buncombe,2018,infant_Sfour,877
Buncombe,2018,one_Sfour,874
Buncombe,2018,two_Sfour,804
Buncombe,2018,three_Sfour,817
Burke,2018,infant_Sfour,606
Burke,2018,one_Sfour,546
Burke,2018,two_Sfour,555
Burke,2018,three_Sfour,524
Cabarrus,2018,infant_Sfour,745
Cabarrus,2018,one_Sfour,760
Cabarrus,2018,two_Sfour,654
Cabarrus,2018,three_Sfour,697
Caldwell,2018,infant_Sfour,608
Caldwell,2018,one_Sfour,581
Caldwell,2018,two_Sfour,567
Caldwell,2018,three_Sfour,545
Camden,2018,infant_Sfour,640
Camden,2018,one_Sfour,616
Camden,2018,two_Sfour,588
Camden,2018,three_Sfour,558
Carteret,2018,infant_Sfour,675
Carteret,2018,one_Sfour,692
Carteret,2018,two_Sfour,647
Carteret,2018,three_Sfour,559
Caswell,2018,infant_Sfour,596
Caswell,2018,one_Sfour,583
Caswell,2018,two_Sfour,563
Caswell,2018,three_Sfour,534
Catawba,2018,infant_Sfour,627
Catawba,2018,one_Sfour,653
Catawba,2018,two_Sfour,618
Catawba,2018,three_Sfour,561
Chatham,2018,infant_Sfour,637
Chatham,2018,one_Sfour,670
Chatham,2018,two_Sfour,596
Chatham,2018,three_Sfour,558
Cherokee,2018,infant_Sfour,534
Cherokee,2018,one_Sfour,519
Cherokee,2018,two_Sfour,506
Cherokee,2018,three_Sfour,483
Chowan,2018,infant_Sfour,502
Chowan,2018,one_Sfour,487
Chowan,2018,two_Sfour,462
Chowan,2018,three_Sfour,441
Clay,2018,infant_Sfour,499
Clay,2018,one_Sfour,485
Clay,2018,two_Sfour,474
Clay,2018,three_Sfour,450
Cleveland,2018,infant_Sfour,580
Cleveland,2018,one_Sfour,576
Cleveland,2018,two_Sfour,535
Cleveland,2018,three_Sfour,494
Columbus,2018,infant_Sfour,576
Columbus,2018,one_Sfour,549
Columbus,2018,two_Sfour,586
Columbus,2018,three_Sfour,525
Craven,2018,infant_Sfour,708
Craven,2018,one_Sfour,704
Craven,2018,two_Sfour,654
Craven,2018,three_Sfour,625
Cumberland,2018,infant_Sfour,949
Cumberland,2018,one_Sfour,838
Cumberland,2018,two_Sfour,790
Cumberland,2018,three_Sfour,628
Currituck,2018,infant_Sfour,579
Currituck,2018,one_Sfour,570
Currituck,2018,two_Sfour,545
Currituck,2018,three_Sfour,597
Dare,2018,infant_Sfour,753
Dare,2018,one_Sfour,722
Dare,2018,two_Sfour,695
Dare,2018,three_Sfour,675
Davidson,2018,infant_Sfour,613
Davidson,2018,one_Sfour,616
Davidson,2018,two_Sfour,553
Davidson,2018,three_Sfour,538
Davie,2018,infant_Sfour,691
Davie,2018,one_Sfour,672
Davie,2018,two_Sfour,651
Davie,2018,three_Sfour,621
Duplin,2018,infant_Sfour,559
Duplin,2018,one_Sfour,532
Duplin,2018,two_Sfour,493
Duplin,2018,three_Sfour,474
Durham,2018,infant_Sfour,900
Durham,2018,one_Sfour,838
Durham,2018,two_Sfour,818
Durham,2018,three_Sfour,726
Edgecombe,2018,infant_Sfour,650
Edgecombe,2018,one_Sfour,626
Edgecombe,2018,two_Sfour,602
Edgecombe,2018,three_Sfour,590
Forsyth,2018,infant_Sfour,773
Forsyth,2018,one_Sfour,752
Forsyth,2018,two_Sfour,755
Forsyth,2018,three_Sfour,729
Franklin,2018,infant_Sfour,675
Franklin,2018,one_Sfour,651
Franklin,2018,two_Sfour,618
Franklin,2018,three_Sfour,590
Gaston,2018,infant_Sfour,660
Gaston,2018,one_Sfour,640
Gaston,2018,two_Sfour,610
Gaston,2018,three_Sfour,627
Gates,2018,infant_Sfour,566
Gates,2018,one_Sfour,545
Gates,2018,two_Sfour,520
Gates,2018,three_Sfour,502
Graham,2018,infant_Sfour,542
Graham,2018,one_Sfour,529
Graham,2018,two_Sfour,507
Graham,2018,three_Sfour,496
Granville,2018,infant_Sfour,649
Granville,2018,one_Sfour,644
Granville,2018,two_Sfour,589
Granville,2018,three_Sfour,564
Greene,2018,infant_Sfour,551
Greene,2018,one_Sfour,496
Greene,2018,two_Sfour,515
Greene,2018,three_Sfour,516
Guilford,2018,infant_Sfour,815
Guilford,2018,one_Sfour,866
Guilford,2018,two_Sfour,797
Guilford,2018,three_Sfour,758
Halifax,2018,infant_Sfour,596
Halifax,2018,one_Sfour,572
Halifax,2018,two_Sfour,536
Halifax,2018,three_Sfour,538
Harnett,2018,infant_Sfour,846
Harnett,2018,one_Sfour,775
Harnett,2018,two_Sfour,768
Harnett,2018,three_Sfour,745
Haywood,2018,infant_Sfour,517
Haywood,2018,one_Sfour,508
Haywood,2018,two_Sfour,508
Haywood,2018,three_Sfour,459
Henderson,2018,infant_Sfour,730
Henderson,2018,one_Sfour,661
Henderson,2018,two_Sfour,623
Henderson,2018,three_Sfour,625
Hertford,2018,infant_Sfour,499
Hertford,2018,one_Sfour,475
Hertford,2018,two_Sfour,474
Hertford,2018,three_Sfour,424
Hoke,2018,infant_Sfour,772
Hoke,2018,one_Sfour,743
Hoke,2018,two_Sfour,901
Hoke,2018,three_Sfour,889
Hyde,2018,infant_Sfour,778
Hyde,2018,one_Sfour,756
Hyde,2018,two_Sfour,731
Hyde,2018,three_Sfour,694
Iredell,2018,infant_Sfour,733
Iredell,2018,one_Sfour,697
Iredell,2018,two_Sfour,694
Iredell,2018,three_Sfour,614
Jackson,2018,infant_Sfour,551
Jackson,2018,one_Sfour,574
Jackson,2018,two_Sfour,518
Jackson,2018,three_Sfour,564
Johnston,2018,infant_Sfour,1009
Johnston,2018,one_Sfour,759
Johnston,2018,two_Sfour,706
Johnston,2018,three_Sfour,679
Jones,2018,infant_Sfour,564
Jones,2018,one_Sfour,548
Jones,2018,two_Sfour,533
Jones,2018,three_Sfour,506
Lee,2018,infant_Sfour,598
Lee,2018,one_Sfour,574
Lee,2018,two_Sfour,538
Lee,2018,three_Sfour,537
Lenoir,2018,infant_Sfour,608
Lenoir,2018,one_Sfour,593
Lenoir,2018,two_Sfour,557
Lenoir,2018,three_Sfour,540
Lincoln,2018,infant_Sfour,654
Lincoln,2018,one_Sfour,603
Lincoln,2018,two_Sfour,635
Lincoln,2018,three_Sfour,566
Macon,2018,infant_Sfour,523
Macon,2018,one_Sfour,512
Macon,2018,two_Sfour,467
Macon,2018,three_Sfour,442
Madison,2018,infant_Sfour,555
Madison,2018,one_Sfour,540
Madison,2018,two_Sfour,525
Madison,2018,three_Sfour,499
Martin,2018,infant_Sfour,509
Martin,2018,one_Sfour,497
Martin,2018,two_Sfour,518
Martin,2018,three_Sfour,522
McDowell,2018,infant_Sfour,528
McDowell,2018,one_Sfour,527
McDowell,2018,two_Sfour,510
McDowell,2018,three_Sfour,508
Mecklenburg,2018,infant_Sfour,762
Mecklenburg,2018,one_Sfour,751
Mecklenburg,2018,two_Sfour,758
Mecklenburg,2018,three_Sfour,710
Mitchell,2018,infant_Sfour,509
Mitchell,2018,one_Sfour,493
Mitchell,2018,two_Sfour,483
Mitchell,2018,three_Sfour,463
Montgomery,2018,infant_Sfour,539
Montgomery,2018,one_Sfour,547
Montgomery,2018,two_Sfour,496
Montgomery,2018,three_Sfour,557
Moore,2018,infant_Sfour,646
Moore,2018,one_Sfour,613
Moore,2018,two_Sfour,577
Moore,2018,three_Sfour,561
Nash,2018,infant_Sfour,711
Nash,2018,one_Sfour,739
Nash,2018,two_Sfour,711
Nash,2018,three_Sfour,669
New Hanover,2018,infant_Sfour,734
New Hanover,2018,one_Sfour,724
New Hanover,2018,two_Sfour,686
New Hanover,2018,three_Sfour,672
Northampton,2018,infant_Sfour,647
Northampton,2018,one_Sfour,628
Northampton,2018,two_Sfour,598
Northampton,2018,three_Sfour,565
Onslow,2018,infant_Sfour,708
Onslow,2018,one_Sfour,689
Onslow,2018,two_Sfour,660
Onslow,2018,three_Sfour,655
Orange,2018,infant_Sfour,1005
Orange,2018,one_Sfour,1053
Orange,2018,two_Sfour,995
Orange,2018,three_Sfour,916
Pamlico,2018,infant_Sfour,515
Pamlico,2018,one_Sfour,497
Pamlico,2018,two_Sfour,567
Pamlico,2018,three_Sfour,455
Pasquotank,2018,infant_Sfour,599
Pasquotank,2018,one_Sfour,584
Pasquotank,2018,two_Sfour,586
Pasquotank,2018,three_Sfour,507
Pender,2018,infant_Sfour,644
Pender,2018,one_Sfour,640
Pender,2018,two_Sfour,564
Pender,2018,three_Sfour,525
Perquimans,2018,infant_Sfour,502
Perquimans,2018,one_Sfour,490
Perquimans,2018,two_Sfour,477
Perquimans,2018,three_Sfour,456
Person,2018,infant_Sfour,738
Person,2018,one_Sfour,722
Person,2018,two_Sfour,677
Person,2018,three_Sfour,663
Pitt,2018,infant_Sfour,718
Pitt,2018,one_Sfour,704
Pitt,2018,two_Sfour,679
Pitt,2018,three_Sfour,637
Polk,2018,infant_Sfour,620
Polk,2018,one_Sfour,601
Polk,2018,two_Sfour,573
Polk,2018,three_Sfour,544
Randolph,2018,infant_Sfour,570
Randolph,2018,one_Sfour,546
Randolph,2018,two_Sfour,509
Randolph,2018,three_Sfour,513
Richmond,2018,infant_Sfour,492
Richmond,2018,one_Sfour,472
Richmond,2018,two_Sfour,441
Richmond,2018,three_Sfour,432
Robeson,2018,infant_Sfour,643
Robeson,2018,one_Sfour,622
Robeson,2018,two_Sfour,588
Robeson,2018,three_Sfour,572
Rockingham,2018,infant_Sfour,560
Rockingham,2018,one_Sfour,542
Rockingham,2018,two_Sfour,519
Rockingham,2018,three_Sfour,501
Rowan,2018,infant_Sfour,634
Rowan,2018,one_Sfour,612
Rowan,2018,two_Sfour,590
Rowan,2018,three_Sfour,581
Rutherford,2018,infant_Sfour,528
Rutherford,2018,one_Sfour,508
Rutherford,2018,two_Sfour,489
Rutherford,2018,three_Sfour,458
Sampson,2018,infant_Sfour,631
Sampson,2018,one_Sfour,573
Sampson,2018,two_Sfour,593
Sampson,2018,three_Sfour,562
Scotland,2018,infant_Sfour,607
Scotland,2018,one_Sfour,589
Scotland,2018,two_Sfour,554
Scotland,2018,three_Sfour,539
Stanly,2018,infant_Sfour,609
Stanly,2018,one_Sfour,606
Stanly,2018,two_Sfour,577
Stanly,2018,three_Sfour,581
Stokes,2018,infant_Sfour,635
Stokes,2018,one_Sfour,614
Stokes,2018,two_Sfour,584
Stokes,2018,three_Sfour,562
Surry,2018,infant_Sfour,573
Surry,2018,one_Sfour,557
Surry,2018,two_Sfour,536
Surry,2018,three_Sfour,568
Swain,2018,infant_Sfour,486
Swain,2018,one_Sfour,479
Swain,2018,two_Sfour,485
Swain,2018,three_Sfour,464
Transylvania,2018,infant_Sfour,618
Transylvania,2018,one_Sfour,600
Transylvania,2018,two_Sfour,581
Transylvania,2018,three_Sfour,559
Tyrrell,2018,infant_Sfour,435
Tyrrell,2018,one_Sfour,426
Tyrrell,2018,two_Sfour,414
Tyrrell,2018,three_Sfour,393
Union,2018,infant_Sfour,762
Union,2018,one_Sfour,786
Union,2018,two_Sfour,767
Union,2018,three_Sfour,683
Vance,2018,infant_Sfour,637
Vance,2018,one_Sfour,610
Vance,2018,two_Sfour,579
Vance,2018,three_Sfour,558
Wake,2018,infant_Sfour,890
Wake,2018,one_Sfour,834
Wake,2018,two_Sfour,824
Wake,2018,three_Sfour,787
Warren,2018,infant_Sfour,556
Warren,2018,one_Sfour,518
Warren,2018,two_Sfour,482
Warren,2018,three_Sfour,463
Washington,2018,infant_Sfour,590
Washington,2018,one_Sfour,570
Washington,2018,two_Sfour,546
Washington,2018,three_Sfour,521
Watauga,2018,infant_Sfour,604
Watauga,2018,one_Sfour,679
Watauga,2018,two_Sfour,589
Watauga,2018,three_Sfour,620
Wayne,2018,infant_Sfour,627
Wayne,2018,one_Sfour,614
Wayne,2018,two_Sfour,578
Wayne,2018,three_Sfour,564
Wilkes,2018,infant_Sfour,616
Wilkes,2018,one_Sfour,598
Wilkes,2018,two_Sfour,555
Wilkes,2018,three_Sfour,576
Wilson,2018,infant_Sfour,581
Wilson,2018,one_Sfour,564
Wilson,2018,two_Sfour,536
Wilson,2018,three_Sfour,513
Yadkin,2018,infant_Sfour,497
Yadkin,2018,one_Sfour,552
Yadkin,2018,two_Sfour,475
Yadkin,2018,three_Sfour,482
Yancey,2018,infant_Sfour,484
Yancey,2018,one_Sfour,470
Yancey,2018,two_Sfour,470
Yancey,2018,three_Sfour,436
